<?xml version="1.0"?>
<doc>
    <assembly>
        <name>VM.Operations.Post</name>
    </assembly>
    <members>
        <member name="P:VM.Operations.Post.Interfaces.IOperationsAxisViewModelBase.Title">
            <summary>
            Get or Set the name of title.
            </summary>
        </member>
        <member name="P:VM.Operations.Post.Interfaces.IOperationsAxisViewModelBase.TitleSize">
            <summary>
            Get or Set the size of title.
            </summary>
        </member>
        <member name="P:VM.Operations.Post.Interfaces.IOperationsAxisViewModelBase.TitleWeight">
            <summary>
            Get or Set the font weight of title.
            </summary>
        </member>
        <member name="P:VM.Operations.Post.Interfaces.IOperationsCustomAxisViewModel.Decimal">
            <summary>
            Get or Set the color of label.
            </summary>
            <summary>
            Get or Set the size for digit of label format.
            </summary>
        </member>
        <member name="P:VM.Operations.Post.Interfaces.IOperationsCustomAxisViewModel.FontFace">
            <summary>
            Get or Set the font family of font.
            </summary>
        </member>
        <member name="P:VM.Operations.Post.Interfaces.IOperationsCustomAxisViewModel.Default">
            <summary>
            Get or Set the flag for the default of label format.
            </summary>
        </member>
        <member name="P:VM.Operations.Post.Interfaces.IOperationsCustomAxisViewModel.LabelFormatType">
            <summary>
            Get or Set the LabelFormatType of label format. It has Exponential, Number.
            </summary>
        </member>
        <member name="P:VM.Operations.Post.Interfaces.IOperationsCustomAxisViewModel.LineColor">
            <summary>
            Get or Set the size of label.
            </summary>
            <summary>
            Get or Set the font weight of label.
            </summary>
            <summary>
            Get or Set the line color of Grid Line.
            </summary>
        </member>
        <member name="P:VM.Operations.Post.Interfaces.IOperationsCustomAxisViewModel.LineStyle">
            <summary>
            Get or Set the LineStyle of Grid Line.
            It has GeneralLine, CalculusLine, FFTLine, FrequencyResponseLine, FrequencySequenceLine, FrequencyTimeLine, HeatmapLine,
            InterpolationLine, NumericLine, PointLine3D, SignalProcessingLine,
            SimpleMathLine, SoundPressureLevelLine, TransformLine, DynamicPPTELine, HarmonicTELine, SuttlingForceLine
            </summary>
        </member>
        <member name="P:VM.Operations.Post.Interfaces.IOperationsCustomAxisViewModel.LineWidth">
            <summary>
            Get or Set the value for the line width of Grid Line.
            </summary>
        </member>
        <member name="P:VM.Operations.Post.Interfaces.IOperationsCustomAxisViewModel.ScaleInterval">
            <summary>
            Get or Set the value for the interval of scale.
            </summary>
        </member>
        <member name="P:VM.Operations.Post.Interfaces.IOperationsCustomAxisViewModel.ScaleMax">
            <summary>
            Get or Set the value for the maximum of scale.
            </summary>
        </member>
        <member name="P:VM.Operations.Post.Interfaces.IOperationsCustomAxisViewModel.ScaleMin">
            <summary>
            Get or Set the value for the minimum of scale.
            </summary>
        </member>
        <member name="P:VM.Operations.Post.Interfaces.IOperationsCustomAxisViewModel.Style">
            <summary>
            Get or Set the font style of font.
            </summary>
        </member>
        <member name="P:VM.Operations.Post.Interfaces.IOperationsCustomAxisViewModel.Unit">
            <summary>
            Get or Set the unit of UNIT
            </summary>
        </member>
        <member name="P:VM.Operations.Post.Interfaces.IOperationsCustomAxisViewModel.TextFormatting">
            <summary>
            Get or Set the text format for the label of label format.
            </summary>
        </member>
        <member name="P:VM.Operations.Post.Interfaces.IOperationsCustomAxisViewModel.IsAuto">
            <summary>
            Get or Set the flag for auto range of scale.
            </summary>
        </member>
        <member name="P:VM.Operations.Post.Interfaces.IOperationsCustomAxisViewModel.LogarithmicBase">
            <summary>
            Get or Set the base of Logarithmic axis scale
            </summary>
        </member>
        <member name="P:VM.Operations.Post.Interfaces.IOperationsCustomAxisViewModel.AxisType">
            <summary>
            Get or Set the AxisType of axis scale. It has Linear, PositiveLogarithmic, NegativeLogarithmic.
            </summary>
        </member>
        <member name="P:VM.Operations.Post.Interfaces.IOperationsHeatmapNumericAxis2DViewModel.FontColor">
            <summary>
            Get or Set the font color of font
            </summary>
        </member>
        <member name="P:VM.Operations.Post.Interfaces.IOperationsHeatmapNumericAxis2DViewModel.FontFace">
            <summary>
            Get or Set the font face of font
            </summary>
        </member>
        <member name="P:VM.Operations.Post.Interfaces.IOperationsHeatmapNumericAxis2DViewModel.FontSize">
            <summary>
            Get or Set the font size of font
            </summary>
        </member>
        <member name="P:VM.Operations.Post.Interfaces.IOperationsHeatmapNumericAxis2DViewModel.FontStyle">
            <summary>
            Get or Set the font style of font
            </summary>
        </member>
        <member name="P:VM.Operations.Post.Interfaces.IOperationsHeatmapNumericAxis2DViewModel.FontWeight">
            <summary>
            Get or Set the font weight of font
            </summary>
        </member>
        <member name="P:VM.Operations.Post.Interfaces.IOperationsHeatmapNumericAxis2DViewModel.Digit">
            <summary>
            Get or Set the size for digit of label format
            </summary>
        </member>
        <member name="P:VM.Operations.Post.Interfaces.IOperationsHeatmapNumericAxis2DViewModel.General">
            <summary>
            Get or Set the flag for the default of label format.
            </summary>
        </member>
        <member name="P:VM.Operations.Post.Interfaces.IOperationsHeatmapNumericAxis2DViewModel.LabelFormatType">
            <summary>
            Get or Set the LabelFormatType of label format. It has Exponential, Number.
            </summary>
        </member>
        <member name="P:VM.Operations.Post.Interfaces.IOperationsHeatmapNumericAxis2DViewModel.ScaleInterval">
            <summary>
            Get or Set the value for the interval of scale
            </summary>
        </member>
        <member name="P:VM.Operations.Post.Interfaces.IOperationsHeatmapNumericAxis2DViewModel.ScaleMax">
            <summary>
            Get or Set the value for the maximum of scale.
            </summary>
        </member>
        <member name="P:VM.Operations.Post.Interfaces.IOperationsHeatmapNumericAxis2DViewModel.ScaleMin">
            <summary>
            Get or Set the value for the minimum of Scale.
            </summary>
        </member>
        <member name="M:VM.Operations.Post.Interfaces.IOperationsApplicationHandler.AddPlotView">
            <summary>
            Add a plot view.
            </summary>
            <returns>The instance of plot view.</returns>
        </member>
        <member name="M:VM.Operations.Post.Interfaces.IOperationsApplicationHandler.AddDocument(System.Collections.Generic.IList{System.String})">
            <summary>
            Import the result.
            </summary>
            <param name="filepath">The list of the path of result to open.</param>
        </member>
        <member name="M:VM.Operations.Post.Interfaces.IOperationsApplicationHandler.GetDocument(System.String)">
            <summary>
            Get the instance of target document by the path of result​.
            </summary>
            <param name="filepath">The path of the result to access.​</param>
            <returns>The instance of target document​.</returns>
        </member>
        <member name="M:VM.Operations.Post.Interfaces.IOperationsApplicationHandler.RemoveDocument(System.String)">
            <summary>
            Remove a document.​
            </summary>
            <param name="filepath">The path of the result to remove​.</param>
        </member>
        <member name="M:VM.Operations.Post.Interfaces.IOperationsApplicationHandler.RemoveView(System.String)">
            <summary>
            Remove a view.
            </summary>
            <param name="viewName">The name of the view to remove.​</param>
        </member>
        <member name="M:VM.Operations.Post.Interfaces.IOperationsApplicationHandler.ImportPythonScripts(System.String)">
            <summary>
            Import the python script.
            </summary>
            <param name="filepath">The path of the file with python operation script​.</param>
        </member>
        <member name="M:VM.Operations.Post.Interfaces.IOperationsApplicationHandler.GetActivedPlotView">
            <summary>
            Get active plot view​.
            </summary>
            <returns>The instance of active plot view​.</returns>
        </member>
        <member name="M:VM.Operations.Post.Interfaces.IOperationsApplicationHandler.ImportNumeric(VM.ViewModels.Post.Interfaces.ILineViewModelBase,System.String,System.Collections.Generic.List{VM.ViewModels.Post.Interfaces.INumericParameter})">
            <summary>
            Import a numeric data.​
            </summary>
            <param name="lineViewModel">The target plot view of the curve to import a numeric data​.</param>
            <param name="filepath">The path of the file with curve data​.</param>
            <param name="targets">Characteristics to import a numeric data​.</param>
        </member>
        <member name="M:VM.Operations.Post.Interfaces.IOperationsApplicationHandler.ExportImage(VM.ViewModels.Post.Interfaces.ILineViewModelBase,System.String,SciChart.Core.ExportType,System.Double,System.Double)">
            <summary>
            Export the image
            </summary>
            <param name="lineViewModel">The target plot view of the curve with import numeric​.</param>
            <param name="filepath">The path of the file with curve data.​</param>
            <param name="exportType">Provides values for ExportType with Png, Jpeg, Bmp, Xps.​</param>
            <param name="width">Gets or sets the size of width to export image​.</param>
            <param name="height">Gets or sets  the size of height to export image​.</param>
        </member>
        <member name="M:VM.Operations.Post.Interfaces.IOperationsApplicationHandler.LoadingAnimation">
            <summary>
            
            </summary>
        </member>
        <member name="M:VM.Operations.Post.Interfaces.IOperationsApplicationHandler.DurabilityAnalysis(VM.ViewModels.Post.Interfaces.IDurabilityAnalysisParameter)">
            <summary>
            
            </summary>
            <param name="parameter"></param>
            <returns></returns>
        </member>
        <member name="P:VM.Operations.Post.Interfaces.IOperationsHitMapBaseViewModel.IsAutoRange">
            <summary>
            Get or Set the flag for auto range.
            </summary>
        </member>
        <member name="P:VM.Operations.Post.Interfaces.IOperationsHitMapBaseViewModel.Max">
            <summary>
            Get or Set the value of the maximum.
            </summary>
        </member>
        <member name="P:VM.Operations.Post.Interfaces.IOperationsHitMapBaseViewModel.Min">
            <summary>
            Get or Set the value of the minimum.
            </summary>
        </member>
        <member name="P:VM.Operations.Post.Interfaces.IOperationsHitMapBaseViewModel.IsRefresh">
            <summary>
            Get or Set the flag for refreshing data.
            </summary>
        </member>
        <member name="P:VM.Operations.Post.Interfaces.IOperationsHitMapBaseViewModel.LegendFontColor">
            <summary>
            Get or set legend font color.
            </summary>
        </member>
        <member name="P:VM.Operations.Post.Interfaces.IOperationsHitMapBaseViewModel.LegendFontSize">
            <summary>
            Get or Set legend font size.
            </summary>
        </member>
        <member name="M:VM.Operations.Post.Interfaces.IOperationsHitMapBaseViewModel.ExportAllDataSeries">
            <summary>
            Export all curves on active view.
            </summary>
        </member>
        <member name="P:VM.Operations.Post.Interfaces.IOperationsHitMapSTFTDataViewModel.LegendColorType">
            <summary>
            Get or Set the type of legend color.
            It has NORMAL, NORMAL_INVERTED, BLACK_TO_WHITE
            WHITE_TO_BLACK, GREEN_TO_BROWN, WHITE_TO_BROWN, METAL_CASTING
            THERMAL_1, THERMAL_2, THERMAL_3
            </summary>
        </member>
        <member name="P:VM.Operations.Post.Interfaces.IOperationsHitMapSTFTDataViewModel.Start">
            <summary>
            Get or Set the start time for using FFT on target data series.
            </summary>
        </member>
        <member name="P:VM.Operations.Post.Interfaces.IOperationsHitMapSTFTDataViewModel.End">
            <summary>
            Get or Set the end time for using FFT on target data series.
            </summary>
        </member>
        <member name="P:VM.Operations.Post.Interfaces.IOperationsHitMapSTFTDataViewModel.Overlap">
            <summary>
            Get or Set the value of the percentage for setting overlapped intervals.
            </summary>
        </member>
        <member name="P:VM.Operations.Post.Interfaces.IOperationsHitMapSTFTDataViewModel.ReferenceValue">
            <summary>
            Get or Set the reference value on decibel as the type of the scale.
            </summary>
        </member>
        <member name="P:VM.Operations.Post.Interfaces.IOperationsHitMapSTFTDataViewModel.SamplingFrequency">
            <summary>
            Get or Set the value about setting the number of the interval for dividing Y direction grids on color map.
            </summary>
        </member>
        <member name="P:VM.Operations.Post.Interfaces.IOperationsHitMapSTFTDataViewModel.SelectedPoints">
            <summary>
            Get or Set the number of data point for FFT.
            </summary>
        </member>
        <member name="P:VM.Operations.Post.Interfaces.IOperationsHitMapSTFTDataViewModel.SelectedScaleType">
            <summary>
            Get or Set the scale type of STFT. STFT Scale Type has Original, Decibel.
            </summary>
        </member>
        <member name="P:VM.Operations.Post.Interfaces.IOperationsHitMapSTFTDataViewModel.TimeSlice">
            <summary>
            Get or Set the value about setting the number of the interval for dividing  X direction grids on color map.
            </summary>
        </member>
        <member name="P:VM.Operations.Post.Interfaces.IOperationsHitMapSTFTDataViewModel.ScaleFactor">
            <summary>
            Get or Set the scale factor to change from time domain to another domain.
            </summary>
        </member>
        <member name="M:VM.Operations.Post.Interfaces.IOperationsHitMapSTFTDataViewModel.ExportOrderTrackingCurve(System.String)">
            <summary>
            Export a curve to order tracking.
            </summary>
            <param name="name">The name of curve.</param>
        </member>
        <member name="P:VM.Operations.Post.Interfaces.IOperationsHitMapSTFTViewModel.STFT2DViewModel">
            <summary>
            Get or Set the value of STFT 2D viewmodel.
            </summary>
        </member>
        <member name="P:VM.Operations.Post.Interfaces.IOperationsHitMapSTFTViewModel.STFT3DViewModel">
            <summary>
            Get or Set the value of STFT 3D viewmodel.
            </summary>
        </member>
        <member name="P:VM.Operations.Post.Interfaces.IOperationsHitMapSTFTViewModel.IsWaterfallType">
            <summary>
            Get or Set the type to change from STFT2D or STFT3D.
            </summary>
        </member>
        <member name="M:VM.Operations.Post.Interfaces.IOperationsHitMapSTFTViewModel.ExportAllDataSeries">
            <summary>
            Export all curves on active view.
            </summary>
        </member>
        <member name="P:VM.Operations.Post.Interfaces.IOperationsLine2DViewModel.ShowAnimationBar">
            <summary>
            Get or Set the visibility of animation bar.
            </summary>
        </member>
        <member name="P:VM.Operations.Post.Interfaces.IOperationsLine2DViewModel.AxisX">
            <summary>
            Get or Set the visibility of Axis X.
            </summary>
        </member>
        <member name="P:VM.Operations.Post.Interfaces.IOperationsLine2DViewModel.AxisY">
            <summary>
            Get or Set  the visibility of Axis Y.
            </summary>
        </member>
        <member name="P:VM.Operations.Post.Interfaces.IOperationsLine2DViewModel.Legend">
            <summary>
            Get or Set  the visibility of legend.
            </summary>
        </member>
        <member name="P:VM.Operations.Post.Interfaces.IOperationsLine2DViewModel.TrackingCurve">
            <summary>
            Get or Set  the visibility of the tracking bar.
            </summary>
        </member>
        <member name="P:VM.Operations.Post.Interfaces.IOperationsLine2DViewModel.TrackingOption">
            <summary>
            Get or Set the Tracking Option of Chart.
            </summary>
        </member>
        <member name="M:VM.Operations.Post.Interfaces.IOperationsLine2DViewModel.CreateSTFT(VM.Models.Post.IHitMapSTFTDataViewModel,System.Collections.Generic.IList{System.String})">
            <summary>
            Create a function to use STFT(Short Time Fourier Transform) for data series.
            </summary>
            <param name="hitmapData">The list of the curve name to perform the operation.</param>
            <param name="lstSeriesName">The interface includes STFT information.</param>
        </member>
        <member name="M:VM.Operations.Post.Interfaces.IOperationsLine2DViewModel.CreateSimpleMath(System.Collections.Generic.IEnumerable{System.String},VM.Models.Post.SimpleMathType,System.Int32)">
            <summary>
            Create a function to add, subtract and multiple between curves.
            </summary>
            <param name="lstSeriesName">The list of the curve name to perform the operation.</param>
            <param name="simpleMathType">The types of the simple math are as follows.</param>
            <param name="points">The number of data points for interpolation.</param>
        </member>
        <member name="M:VM.Operations.Post.Interfaces.IOperationsLine2DViewModel.CreateTranslate(System.Collections.Generic.IList{System.String},System.Double,System.Double)">
            <summary>
            Create a function to translate data series by the offset.
            </summary>
            <param name="lstSeriesName">The list of the curve name to perform the operation.</param>
            <param name="offsetX">The value to translate for X- axis.</param>
            <param name="offsetY">The value to translate for Y- axis.</param>
        </member>
        <member name="M:VM.Operations.Post.Interfaces.IOperationsLine2DViewModel.CreateAbsolute(System.Collections.Generic.IList{System.String},VM.Models.Post.SignType)">
            <summary>
            Create a function to transform data series into absolute values for Y-Axis.
            </summary>
            <param name="lstSeriesName">The list of the curve name to perform the operation.</param>
            <param name="signType">The types of the absolute value are as follows.</param>
        </member>
        <member name="M:VM.Operations.Post.Interfaces.IOperationsLine2DViewModel.CreateAlign(System.Collections.Generic.IList{System.String},VM.Models.Post.AlignType)">
            <summary>
            Create a function to align data series to zero or the first point of the target curve.
            </summary>
            <param name="lstSeriesName">The list of the curve name to perform the operation.</param>
            <param name="alignType">The types of the alignment are as follows.</param>
        </member>
        <member name="M:VM.Operations.Post.Interfaces.IOperationsLine2DViewModel.CreateLogScale(System.Collections.Generic.IList{System.String},System.Double,System.Double,System.Boolean)">
            <summary>
            Create a function to use the logarithm scale for data series.
            </summary>
            <param name="lstSeriesName">The list of the curve name to perform the operation.</param>
            <param name="coeficient">The value of the coefficient.</param>
            <param name="baseValue">The value of the base.</param>
            <param name="decibel">Taking the decibel scale for the list of the curve (20𝐿𝑜𝑔_10(Y)).</param>
        </member>
        <member name="M:VM.Operations.Post.Interfaces.IOperationsLine2DViewModel.CreateScale(System.Collections.Generic.IList{System.String},System.Double,System.Double)">
            <summary>
            Create a function to scale data series by the scale value.
            </summary>
            <param name="lstSeriesName">The list of the curve name to perform the operation.</param>
            <param name="scaleX">The value to scale for X- axis.</param>
            <param name="scaleY">The value to scale for Y- axis.</param>
        </member>
        <member name="M:VM.Operations.Post.Interfaces.IOperationsLine2DViewModel.CreateInterpolation(System.Collections.Generic.IList{System.String},System.Int32)">
            <summary>
            Create a function to use interpolation for data series.
            </summary>
            <param name="lstSeriesName">The list of the curve name to perform the operation.</param>
            <param name="points">The number of the data points for interpolation.</param>
        </member>
        <member name="M:VM.Operations.Post.Interfaces.IOperationsLine2DViewModel.CreateFiltering(System.Collections.Generic.IList{System.String},VM.Models.Post.FilteringType,System.Int32,System.Double,System.Double)">
            <summary>
            Create a function to use data filtering and smoothing for data series.
            </summary>
            <param name="lstSeriesName">The list of the curve name to perform the operation.</param>
            <param name="filteringType">The types of the filter are as follows.</param>
            <param name="order">As decreasing value, output would be more smooth.</param>
            <param name="frequency1">The value of frequency1.</param>
            <param name="frequency2">The value of frequency2.</param>
        </member>
        <member name="M:VM.Operations.Post.Interfaces.IOperationsLine2DViewModel.CreateSmoothing(System.Collections.Generic.IList{System.String},VM.Models.Post.SmoothingType,System.Int32,System.Int32)">
            <summary>
            Create a function to use data filtering and smoothing for data series.
            </summary>
            <param name="lstSeriesName">The list of the curve name to perform the operation.</param>
            <param name="smoothingType">The types of the sommthing are as follows.</param>
            <param name="pointsOfWindow">The number of points for window.</param>
            <param name="polyOrder">The value of polyOrder.</param>
        </member>
        <member name="M:VM.Operations.Post.Interfaces.IOperationsLine2DViewModel.CreateFrequencyWeighting(System.Collections.Generic.IList{System.String},VM.Models.Post.WeightingType,VM.Models.Post.FrequencyAxisType)">
            <summary>
            Create a function to use data filtering and smoothing for data series.
            </summary>
            <param name="lstSeriesName">The list of the curve name to perform the operation.</param>
            <param name="weightingType">The types of the weighting are as follows.</param>
            <param name="axisType">The types of the axis are as follows.</param>
        </member>
        <member name="M:VM.Operations.Post.Interfaces.IOperationsLine2DViewModel.CreateFFT(System.Collections.Generic.IList{System.String},VM.Models.Post.FFTType,VM.Models.Post.FFTWindowType,VM.Models.Post.ScaleType,System.Int32,System.Double,System.Double)">
            <summary>
            Create a function to use FFT(Fast Fourier Transform) for data series.
            </summary>
            <param name="lstSeriesName">The list of the curve name to perform the operation.</param>
            <param name="fftType">Magnitude, Phase</param>
            <param name="fftWindowType">Rectangular, Triangular, Bartlett, Hanning, Hamming, Welch, BlackMan, None</param>
            <param name="scaleType">Original, Logarithm, Decibel</param>
            <param name="points">The number of data point for FFT.</param>
            <param name="start">The start time for using FFT on target data series.</param>
            <param name="end">The end time for using FFT on target data series.</param>
        </member>
        <member name="M:VM.Operations.Post.Interfaces.IOperationsLine2DViewModel.CreateCalculusDifferent(System.Collections.Generic.IList{System.String})">
            <summary>
            Create a function to use Calculus(Different) for data series.
            </summary>
            <param name="lstSeriesName">The list of the curve name to perform the operation.</param>
        </member>
        <member name="M:VM.Operations.Post.Interfaces.IOperationsLine2DViewModel.CreateCalculusIntegrate(System.Collections.Generic.IList{System.String})">
            <summary>
            Create a function to use Calculus(Integrate) for data series.s
            </summary>
            <param name="lstSeriesName">The list of the curve name to perform the operation.</param>
        </member>
        <member name="M:VM.Operations.Post.Interfaces.IOperationsLine2DViewModel.ExportToAnsysSound(System.Collections.Generic.IList{System.String})">
            <summary>
            Export data series to Ansys Sound.
            </summary>
            <param name="lstSeriesName">The list of the curve name to perform the operation.</param>
        </member>
        <member name="P:VM.Operations.Post.Interfaces.IOperationsLine2DViewModelBase.Background">
            <summary>
            Get or Set the background.
            </summary>
        </member>
        <member name="P:VM.Operations.Post.Interfaces.IOperationsLine2DViewModelBase.BorderColor">
            <summary>
            Get or Set the border color​.
            </summary>
        </member>
        <member name="P:VM.Operations.Post.Interfaces.IOperationsLine2DViewModelBase.FontColor">
            <summary>
            Get or Set the font color​.
            </summary>
        </member>
        <member name="P:VM.Operations.Post.Interfaces.IOperationsLine2DViewModelBase.ChartTitle">
            <summary>
            Get or Set the title of the chart​.
            </summary>
        </member>
        <member name="P:VM.Operations.Post.Interfaces.IOperationsLine2DViewModelBase.ChartAxisType">
            <summary>
            Get or Set the type of Chart Axis. It has Single, Multiple.
            </summary>
        </member>
        <member name="P:VM.Operations.Post.Interfaces.IOperationsLine2DViewModelBase.FontFace">
            <summary>
            Get or Set font face​.
            </summary>
        </member>
        <member name="P:VM.Operations.Post.Interfaces.IOperationsLine2DViewModelBase.FontSize">
            <summary>
            Get or Set font size​.
            </summary>
        </member>
        <member name="P:VM.Operations.Post.Interfaces.IOperationsLine2DViewModelBase.FontStyle">
            <summary>
            Get or Set font style.
            </summary>
        </member>
        <member name="P:VM.Operations.Post.Interfaces.IOperationsLine2DViewModelBase.FontWeight">
            <summary>
            Get or Set font weight.
            </summary>
        </member>
        <member name="M:VM.Operations.Post.Interfaces.IOperationsLine2DViewModelBase.AddCurves(System.String,VM.Models.OutputReader.PlotParameters)">
            <summary>
            Add data series to plot view by the path of the result​.
            </summary>
            <param name="filepath">The path of the result to access​.</param>
            <param name="parameters">The class used as a parameter of the AddCurve function.​</param>
        </member>
        <member name="M:VM.Operations.Post.Interfaces.IOperationsLine2DViewModelBase.AddCurves(VM.ViewModels.Post.Interfaces.IResultDocumentViewModel,VM.Models.OutputReader.PlotParameters)">
            <summary>
            Add data series to plot view by the instance of document​.
            </summary>
            <param name="doc">The instance of the document to access.​</param>
            <param name="parameters">The class used as a parameter of the AddCurve function.​</param>
        </member>
        <member name="M:VM.Operations.Post.Interfaces.IOperationsLine2DViewModelBase.Remove(System.String)">
            <summary>
            Remove curve by the name of the curve​.
            </summary>
            <param name="name">The name of the curve to remove​.</param>
        </member>
        <member name="M:VM.Operations.Post.Interfaces.IOperationsLine2DViewModelBase.Remove(VM.Operations.Post.Interfaces.IOperationsLineDataSeriesViewModelBase)">
            <summary>
            Remove curve by the instance of the curve.
            </summary>
            <param name="curve">The instance of the curve​.</param>
        </member>
        <member name="M:VM.Operations.Post.Interfaces.IOperationsLine2DViewModelBase.GetCurve(System.String)">
            <summary>
            Get the instance of the curve by the name of curve​.
            </summary>
            <param name="name">The name of the curve​.</param>
            <returns>The instance of the curve.​</returns>
        </member>
        <member name="M:VM.Operations.Post.Interfaces.IOperationsLine2DViewModelBase.GetCurves">
            <summary>
            Get the instances of the curves on active view.
            </summary>
            <returns>The instances of the curves.​</returns>
        </member>
        <member name="M:VM.Operations.Post.Interfaces.IOperationsLine2DViewModelBase.GetLastCurve">
            <summary>
            Get end of the curve on active view.
            </summary>
            <returns>The last instance of curves.</returns>
        </member>
        <member name="M:VM.Operations.Post.Interfaces.IOperationsLine2DViewModelBase.GetCurveNameList">
            <summary>
            Get name of the curves on active view.
            </summary>
            <returns>The names of the curves on active view​.</returns>
        </member>
        <member name="M:VM.Operations.Post.Interfaces.IOperationsLine2DViewModelBase.ExportAllDataSeries">
            <summary>
            Export all curves on active view.
            </summary>
        </member>
        <member name="P:VM.Operations.Post.Interfaces.IOperationsCalculusLineDataSeriesViewModel.CalculusType">
            <summary>
            Get or Set the CalculusType of Calculus. It has Differentiation, Integration.
            </summary>
        </member>
        <member name="P:VM.Operations.Post.Interfaces.IOperationsFFTLineDataSeriesViewModel.Start">
            <summary>
            Get or Set the start time for using FFT on target data series.
            </summary>
        </member>
        <member name="P:VM.Operations.Post.Interfaces.IOperationsFFTLineDataSeriesViewModel.End">
            <summary>
            Get or Set the end time for using FFT on target data series.
            </summary>
        </member>
        <member name="P:VM.Operations.Post.Interfaces.IOperationsFFTLineDataSeriesViewModel.FFTScaleType">
            <summary>
            Get or Set the scale type of FFT. It has Original, Logarithm, Decibel.
            </summary>
        </member>
        <member name="P:VM.Operations.Post.Interfaces.IOperationsFFTLineDataSeriesViewModel.FFTType">
            <summary>
            Get or Set the type of FFT. It has Magnitude, Phase.
            </summary>
        </member>
        <member name="P:VM.Operations.Post.Interfaces.IOperationsFFTLineDataSeriesViewModel.FFTWindowType">
            <summary>
            Get or Set the window type of FFT. It has Rectangular, Triangular, Bartlett, Hanning, Hamming, Welch, BalckMan, None.
            </summary>
        </member>
        <member name="P:VM.Operations.Post.Interfaces.IOperationsFFTLineDataSeriesViewModel.SelectedPoints">
            <summary>
            Get or Set the number of data point for FFT.
            </summary>
        </member>
        <member name="P:VM.Operations.Post.Interfaces.IOperationsHeatmapLineDataSeriesViewModel.Interval">
            <summary>
            Get or Set the value of the interval.
            </summary>
        </member>
        <member name="P:VM.Operations.Post.Interfaces.IOperationsHeatmapLineDataSeriesViewModel.Harmonic">
            <summary>
            Get or Set the slope of the curve at start point.
            </summary>
        </member>
        <member name="P:VM.Operations.Post.Interfaces.LineSeries.IOperationsHitMapSTFTDataViewModel.Start">
            <summary>
            Get or Set the start time for using FFT on target data series.
            </summary>
        </member>
        <member name="P:VM.Operations.Post.Interfaces.LineSeries.IOperationsHitMapSTFTDataViewModel.End">
            <summary>
            Get or Set the end time for using FFT on target data series.
            </summary>
        </member>
        <member name="P:VM.Operations.Post.Interfaces.LineSeries.IOperationsHitMapSTFTDataViewModel.Overlap">
            <summary>
            Get or Set the value of the percentage for setting overlapped intervals.
            </summary>
        </member>
        <member name="P:VM.Operations.Post.Interfaces.LineSeries.IOperationsHitMapSTFTDataViewModel.ReferenceValue">
            <summary>
            Get or Set the reference value on decibel as the type of the scale.
            </summary>
        </member>
        <member name="P:VM.Operations.Post.Interfaces.LineSeries.IOperationsHitMapSTFTDataViewModel.SamplingFrequency">
            <summary>
            Get or Set the value about setting the number of the interval for dividing Y direction grids on color map.
            </summary>
        </member>
        <member name="P:VM.Operations.Post.Interfaces.LineSeries.IOperationsHitMapSTFTDataViewModel.SelectedPoints">
            <summary>
            Get or Set the number of data point for FFT.
            </summary>
        </member>
        <member name="P:VM.Operations.Post.Interfaces.LineSeries.IOperationsHitMapSTFTDataViewModel.SelectedScaleType">
            <summary>
            Get or Set the scale type of STFT. STFT Scale Type has Original, Decibel.
            </summary>
        </member>
        <member name="P:VM.Operations.Post.Interfaces.LineSeries.IOperationsHitMapSTFTDataViewModel.TimeSlice">
            <summary>
            Get or Set the value about setting the number of the interval for dividing  X direction grids on color map.
            </summary>
        </member>
        <member name="P:VM.Operations.Post.Interfaces.LineSeries.IOperationsHitMapSTFTDataViewModel.ScaleFactor">
            <summary>
            Get or Set the scale factor to change from time domain to another domain.
            </summary>
        </member>
        <member name="P:VM.Operations.Post.Interfaces.IOperationsInterpolationLineDataSeriesViewModel.Points">
            <summary>
            Get or Set the number of the data points for interpolation.
            </summary>
        </member>
        <member name="P:VM.Operations.Post.Interfaces.IOperationsLineDataSeriesViewModel.PlotData">
            <summary>
            Get or Set the data type of plot. It has DEFAULT, PlotResult.
            </summary>
        </member>
        <member name="P:VM.Operations.Post.Interfaces.IOperationsLineDataSeriesViewModel.SourceX">
            <summary>
            Get or Set the instance of series.
            </summary>
        </member>
        <member name="P:VM.Operations.Post.Interfaces.IOperationsLineDataSeriesViewModel.SourceY">
            <summary>
            Get or Set the instance of series.
            </summary>
        </member>
        <member name="M:VM.Operations.Post.Interfaces.IOperationsLineDataSeriesViewModel.CreateLineDataSeires(System.String,System.String,System.String,System.String,System.String,System.String,System.String)">
            <summary>
            Create information of Axis for data series. It is used for modifying information of axis for data series.
            </summary>
            <param name="filepath">The path of result to access.</param>
            <param name="parent">If entity does not have parent, It should be string.Empty.</param>
            <param name="fullTarget">The name of the target entity</param>
            <param name="subTarget">The name of child item such as node, element, marker or not It should be string.Empty.</param>
            <param name="characteristic">The name of the characteristic.</param>
            <param name="component">The name of the component.</param>
            <param name="csys">The name of the coordinatesystem.</param>
            <returns>The instance of the curve</returns>
        </member>
        <member name="P:VM.Operations.Post.Interfaces.IOperationsLineDataSeriesViewModelBase.SeriesName">
            <summary>
            Get or Set the name of series.
            </summary>
        </member>
        <member name="P:VM.Operations.Post.Interfaces.IOperationsLineDataSeriesViewModelBase.Thickness">
            <summary>
            Get or Set the thickness of series.
            </summary>
        </member>
        <member name="P:VM.Operations.Post.Interfaces.IOperationsLineDataSeriesViewModelBase.Color">
            <summary>
            Get or Set the color of line.
            </summary>
        </member>
        <member name="P:VM.Operations.Post.Interfaces.IOperationsLineDataSeriesViewModelBase.LineStyle">
            <summary>
            Get or Get the style of line. It has Solid, Dot, Dash, DashDot, DashDotDot.
            </summary>
        </member>
        <member name="P:VM.Operations.Post.Interfaces.IOperationsLineDataSeriesViewModelBase.PointSize">
            <summary>
            Get or Set the value of point size.
            </summary>
        </member>
        <member name="P:VM.Operations.Post.Interfaces.IOperationsLineDataSeriesViewModelBase.PointType">
            <summary>
            Get or Set the type of point.
            </summary>
        </member>
        <member name="P:VM.Operations.Post.Interfaces.IOperationsLineDataSeriesViewModelBase.SeriesType">
            <summary>
            Get or Set the type of line.
            </summary>
        </member>
        <member name="P:VM.Operations.Post.Interfaces.IOperationsLineDataSeriesViewModelBase.TargetName">
            <summary>
            Get or Set the name of the target.
            </summary>
        </member>
        <member name="P:VM.Operations.Post.Interfaces.IOperationsLineDataSeriesViewModelBase.IsRefresh">
            <summary>
            Get or Set the flag for refreshing data.
            </summary>
        </member>
        <member name="P:VM.Operations.Post.Interfaces.IOperationsSignalProcessingLineDataSeriesViewModel.CutOffFrequency">
            <summary>
            Get or Set the value of the cut off frequency.
            </summary>
        </member>
        <member name="P:VM.Operations.Post.Interfaces.IOperationsSignalProcessingLineDataSeriesViewModel.FilteringType">
            <summary>
            Get or Set the filtering type of signal processing. It has LowPass, HighPass, BandPass, BandStop.
            </summary>
        </member>
        <member name="P:VM.Operations.Post.Interfaces.IOperationsSignalProcessingLineDataSeriesViewModel.HighCutOffFrequency">
            <summary>
            Get or Set the value of the high cut off frequency.
            </summary>
        </member>
        <member name="P:VM.Operations.Post.Interfaces.IOperationsSignalProcessingLineDataSeriesViewModel.LowCutOffFrequency">
            <summary>
            Get or Set the value of the low cut off frequency.
            </summary>
        </member>
        <member name="P:VM.Operations.Post.Interfaces.IOperationsSignalProcessingLineDataSeriesViewModel.Order">
            <summary>
            Get or Set the value of the order. As decreasing value, output would be more smooth.
            </summary>
        </member>
        <member name="P:VM.Operations.Post.Interfaces.IOperationsSignalProcessingLineDataSeriesViewModel.PointsOfWindow">
            <summary>
            Get or Set the points of window.
            </summary>
        </member>
        <member name="P:VM.Operations.Post.Interfaces.IOperationsSignalProcessingLineDataSeriesViewModel.PolynomialOrder">
            <summary>
            Get or Set the value of the polynomial order.
            </summary>
        </member>
        <member name="P:VM.Operations.Post.Interfaces.IOperationsSignalProcessingLineDataSeriesViewModel.SignalProcessingType">
            <summary>
            Get or Set the type of signal processing. It has Filtering, Smoothing, Frequency Weighting.
            </summary>
        </member>
        <member name="P:VM.Operations.Post.Interfaces.IOperationsSignalProcessingLineDataSeriesViewModel.SmoothingType">
            <summary>
            Get or Set the type of smoothing. It has MovingWindowAveraging, SavitzkyGloay.
            </summary>
        </member>
        <member name="P:VM.Operations.Post.Interfaces.IOperationsSignalProcessingLineDataSeriesViewModel.WeightingType">
            <summary>
            Get or Set the type of weighting. It has AWeighting, BWighting, CWeighting.
            </summary>
        </member>
        <member name="P:VM.Operations.Post.Interfaces.IOperationsSignalProcessingLineDataSeriesViewModel.FrequencyAxisType">
            <summary>
            Get or Set the type of frequency axis. It has X, Y.
            </summary>
        </member>
        <member name="P:VM.Operations.Post.Interfaces.IOperationsSimpleMathLineDataSeriesViewModel.MathType">
            <summary>
            Get or Set the type of simple math. It has Add, Subtract, Multiply.
            </summary>
        </member>
        <member name="P:VM.Operations.Post.Interfaces.IOperationsSimpleMathLineDataSeriesViewModel.Points">
            <summary>
            Get or Set the number of the data points for interpolation.
            </summary>
        </member>
        <member name="P:VM.Operations.Post.Interfaces.IOperationsTransformLineDataSeriesViewModel.Align">
            <summary>
            Get or Set the type of align. It has Zero, Curve.
            </summary>
        </member>
        <member name="P:VM.Operations.Post.Interfaces.IOperationsTransformLineDataSeriesViewModel.AlignBase">
            <summary>
            Get or Set value for align data series.
            </summary>
        </member>
        <member name="P:VM.Operations.Post.Interfaces.IOperationsTransformLineDataSeriesViewModel.Base">
            <summary>
            Get or Set the base of log.
            </summary>
        </member>
        <member name="P:VM.Operations.Post.Interfaces.IOperationsTransformLineDataSeriesViewModel.Coefficient">
            <summary>
            Get or Set the coefficient of log.
            </summary>
        </member>
        <member name="P:VM.Operations.Post.Interfaces.IOperationsTransformLineDataSeriesViewModel.IsDecibel">
            <summary>
            Get or Set the flag for decibel scale.
            </summary>
        </member>
        <member name="P:VM.Operations.Post.Interfaces.IOperationsTransformLineDataSeriesViewModel.OffsetX">
            <summary>
            Get or Set the value for offset X.
            </summary>
        </member>
        <member name="P:VM.Operations.Post.Interfaces.IOperationsTransformLineDataSeriesViewModel.OffsetY">
            <summary>
            Get or Set the value for offset X.
            </summary>
        </member>
        <member name="P:VM.Operations.Post.Interfaces.IOperationsTransformLineDataSeriesViewModel.ScaleX">
            <summary>
            Get or Set the value for scale X.
            </summary>
        </member>
        <member name="P:VM.Operations.Post.Interfaces.IOperationsTransformLineDataSeriesViewModel.ScaleY">
            <summary>
            Get or Set the value for scale Y.
            </summary>
        </member>
        <member name="P:VM.Operations.Post.Interfaces.IOperationsTransformLineDataSeriesViewModel.SelectedTransformType">
            <summary>
            Get or Set the type of transform. It has Translate, LinearScale, Absolute, Align, LogScale.
            </summary>
        </member>
        <member name="P:VM.Operations.Post.Interfaces.IOperationsTransformLineDataSeriesViewModel.Sign">
            <summary>
            Get or Set the tpye of sign. It has Positive, Negative.
            </summary>
        </member>
        <member name="M:VM.Operations.Post.Models.ApplicationHandler.#ctor">
            <summary>
            Initializes a new instance of the ApplicationHandler class.
            </summary>
        </member>
        <member name="P:VM.Operations.Post.Models.ApplicationHandler.Handler">
            <summary>
            Get the instance of target viewmodel by Application.
            </summary>
        </member>
        <member name="M:VM.Operations.Post.Models.ApplicationHandler.AddPlotView">
            <summary>
            Add a plot view
            </summary>
            <returns>The instance of plot view</returns>
        </member>
        <member name="M:VM.Operations.Post.Models.ApplicationHandler.AddDocument(System.Collections.Generic.IList{System.String})">
            <summary>
            Import the result
            </summary>
            <param name="filepath">The list of the path of result to open</param>
        </member>
        <member name="M:VM.Operations.Post.Models.ApplicationHandler.GetDocument(System.String)">
            <summary>
            Get the instance of target document by the path of result​
            </summary>
            <param name="filepath">The path of the result to access​</param>
            <returns>The instance of target document​</returns>
        </member>
        <member name="M:VM.Operations.Post.Models.ApplicationHandler.RemoveDocument(System.String)">
            <summary>
            Remove a document.​
            </summary>
            <param name="filepath">The path of the result to remove​</param>
        </member>
        <member name="M:VM.Operations.Post.Models.ApplicationHandler.RemoveView(System.String)">
            <summary>
            Remove a view
            </summary>
            <param name="viewName">The name of the view to remove​</param>
        </member>
        <member name="M:VM.Operations.Post.Models.ApplicationHandler.ImportPythonScripts(System.String)">
            <summary>
            Import the python script
            </summary>
            <param name="filepath">The path of the file with python operation script​</param>
        </member>
        <member name="M:VM.Operations.Post.Models.ApplicationHandler.GetActivedPlotView">
            <summary>
            Get active plot view​
            </summary>
            <returns>The instance of active plot view​</returns>
        </member>
        <member name="M:VM.Operations.Post.Models.ApplicationHandler.ImportNumeric(VM.ViewModels.Post.Interfaces.ILineViewModelBase,System.String,System.Collections.Generic.List{VM.ViewModels.Post.Interfaces.INumericParameter})">
            <summary>
            Import a numeric data.​
            </summary>
            <param name="lineViewModel">The target plot view of the curve to import a numeric data​</param>
            <param name="filepath">The path of the file with curve data​</param>
            <param name="targets">Characteristics to import a numeric data​</param>
        </member>
        <member name="M:VM.Operations.Post.Models.ApplicationHandler.ExportImage(VM.ViewModels.Post.Interfaces.ILineViewModelBase,System.String,SciChart.Core.ExportType,System.Double,System.Double)">
            <summary>
            Export the image
            </summary>
            <param name="lineViewModel">The target plot view of the curve with import numeric​.</param>
            <param name="filepath">The path of the file with curve data.​</param>
            <param name="exportType">Provides values for ExportType with Png, Jpeg, Bmp, Xps​</param>
            <param name="width">Gets or sets the size of width to export image​</param>
            <param name="height">Gets or sets  the size of height to export image​</param>
        </member>
        <member name="M:VM.Operations.Post.Models.ApplicationHandler.LoadingAnimation">
            <summary>
            
            </summary>
        </member>
        <member name="M:VM.Operations.Post.Models.ApplicationHandler.DurabilityAnalysis(VM.ViewModels.Post.Interfaces.IDurabilityAnalysisParameter)">
            <summary>
            
            </summary>
            <param name="parameter"></param>
            <returns></returns>
        </member>
        <member name="M:VM.Operations.Post.Utilities.JournalService.GetColorFromHexCode(System.String)">
            <summary>
            Convert from hex color code to System.Windows.Media.Color ​
            </summary>
            <param name="color">Hex color code​</param>
            <returns>Color instance converted from hex color code​</returns>
        </member>
        <member name="M:VM.Operations.Post.Utilities.JournalService.GetFontFaceFromString(System.String)">
            <summary>
            Convert from fontface to System.Windows.Media.FontFamily​
            </summary>
            <param name="fontface">The type of fontface​</param>
            <returns>FontFamily instance converted from fontface​</returns>
        </member>
        <member name="M:VM.Operations.Post.Utilities.JournalService.GetFontStyleFromString(System.String)">
            <summary>
            Convert from fontstyle to System.Windows.Media.FontStyle​
            </summary>
            <param name="fontstyle">The type of fontstyle​</param>
            <returns>FontStyle instance converted from fontstyle​</returns>
        </member>
        <member name="M:VM.Operations.Post.Utilities.JournalService.GetFontWeightFromString(System.String)">
            <summary>
            Convert from fontweight to System.Windows.Media.FontWeight​
            </summary>
            <param name="fontweight">The type of font weight​</param>
            <returns>FontWeight instance converted from fontwight​</returns>
        </member>
    </members>
</doc>
