<?xml version="1.0"?>
<doc>
    <assembly>
        <name>VM.Post.API.OutputReader</name>
    </assembly>
    <members>
        <member name="M:VM.Post.API.OutputReader.OutputReader.#ctor(System.String)">
            <summary>
            This is also used to open the result file using the constructor.​
            </summary>
            <param name="filepath">The path of dfr file</param>
        </member>
        <member name="M:VM.Post.API.OutputReader.OutputReader.#ctor(VM.Models.Post.ResultDocument)">
            <summary>
            This is also used to open the result file using the constructor.​
            </summary>
            <param name="document">The instance of document</param>
        </member>
        <member name="P:VM.Post.API.OutputReader.OutputReader.Version">
            <summary>
            The Product version
            </summary>
        </member>
        <member name="P:VM.Post.API.OutputReader.OutputReader.Path">
            <summary>
            File path to the Ansys Motion result file (.dfr). This can be a relative or absolute path.
            </summary>
        </member>
        <member name="M:VM.Post.API.OutputReader.OutputReader.Close">
            <summary>
            Close result file.​
            </summary>
        </member>
        <member name="M:VM.Post.API.OutputReader.OutputReader.ExportContourResultToFile(System.String,System.IO.FileMode,System.Collections.Generic.IList{System.Int32},System.String,VM.Models.ContourMappingType,System.String,VM.Models.AnalysisResultType,VM.Models.FileFormatType)">
            <summary>
            Export contour results to a file.​
            </summary>
            <param name="resultpath">Specifies the file path to export.​</param>
            <param name="mode">Specifies how the operating system should open a file.​</param>
            <param name="stateids">Specifies the id list of the states to time.​</param>
            <param name="fullName">Specifies the names of the entities.​</param>
            <param name="type">Specifies the type of the target for displaying contour.​</param>
            <param name="path">Specifies the path of result to save.​</param>
            <param name="analysisResultType">Specifies the type of analysis result type for displaying contour.​</param>
            <param name="formatType">Specifies a file format type.​</param>
        </member>
        <member name="M:VM.Post.API.OutputReader.OutputReader.ExportContourResultToFile(System.String,System.IO.FileMode,System.Collections.Generic.IList{System.Int32},System.Collections.Generic.IList{System.String},VM.Models.ContourMappingType,System.String,VM.Models.AnalysisResultType,VM.Models.FileFormatType)">
            <summary>
            Export contour results to a file.​
            </summary>
            <param name="resultpath">Specifies the file path to export.​</param>
            <param name="mode">Specifies how the operating system should open a file.​</param>
            <param name="stateids">Specifies the id list of the states to time.​</param>
            <param name="fullNames">Specifies The name of an entity.​</param>
            <param name="type">Specifies the type of a target for displaying contour.​</param>
            <param name="path">Specifies The path of result to save.​</param>
            <param name="analysisResultType">Specifies the type of analysis result type for displaying contour.​</param>
            <param name="formatType">Specifies a file format type.​</param>
        </member>
        <member name="M:VM.Post.API.OutputReader.OutputReader.ExportModalBodyRawDataToFile(System.String,System.String,System.Boolean,System.Boolean)">
            <summary>
            Export raw data about FE modal body to a file.​
            </summary>
            <param name="filePath">Specifies the file path to export.</param>
            <param name="target">Specifies the name of the entity.​</param>
            <param name="includeGeometry">Include geometry.​</param>
            <param name="includeModeShape">Include modeshape.​</param>
        </member>
        <member name="M:VM.Post.API.OutputReader.OutputReader.ExportAcousticRawDataToFile(System.String,System.String,VM.Models.Post.BehaviorType,VM.Models.Post.ChartMathLib.FFTParameters,System.UInt32[])">
            <summary>
            Export acoustic raw data to a file.
            </summary>
            <param name="filepath">Specifies the file path to export.​</param>
            <param name="fullName">Specifies the name of the entity.​</param>
            <param name="behaviorType">Specifies the type of the target for Displacement, Velocity, Acceleration.​</param>
            <param name="parameters">For a description of parameter, see FFTParameters in the API Reference.​</param>
            <param name="nodeIDs">Specifies Id array of the node.​</param>
        </member>
        <member name="M:VM.Post.API.OutputReader.OutputReader.ExportAcousticRawDataToFile(System.String,System.String,VM.Models.Post.BehaviorType,VM.Models.Post.ChartMathLib.FFTParameters)">
            <summary>
            Export acoustic raw data to a file.​
            </summary>
            <param name="filepath">Specifies the file path to export.​</param>
            <param name="fullName">Specifies the name of the entity.​</param>
            <param name="behaviorType">Displacement, Velocity, Acceleration​.</param>
            <param name="parameters">For a description of parameter, see FFTParameters in the API Reference.​</param>
        </member>
        <member name="M:VM.Post.API.OutputReader.OutputReader.ExportVectorDisplayToFile(System.String,System.Int32[],System.Collections.Generic.IEnumerable{System.Object},System.Boolean,System.Boolean,System.Boolean,VM.Models.AnalysisResultType)">
            <summary>
            Export vector results to a file.
            </summary>
            <param name="filepath">Specifies the file path to export.​</param>
            <param name="stateids">Specifies the id list of the state to time.​</param>
            <param name="targets">Specifies the list of  the entity.​</param>
            <param name="isIncludePosition">include position.​</param>
            <param name="includeVector">include vector.​</param>
            <param name="includeMagnitude">include magnitude.​</param>
            <param name="analysisResultType">Specifies the type of analysis result type.​</param>
        </member>
        <member name="M:VM.Post.API.OutputReader.OutputReader.ExportMarkerToFile(System.String,System.Int32[],VM.Models.Post.IResultMarker[])">
            <summary>
            Export marker results to a file.
            </summary>
            <param name="filePath">Specifies the file path to export.​</param>
            <param name="stateids">Specifies the id list of the state to time.​</param>
            <param name="markers">Specifies the list of the entities.​</param>
        </member>
        <member name="M:VM.Post.API.OutputReader.OutputReader.ExportContourResultToFile(System.String,System.IO.FileMode,System.Collections.Generic.IList{System.Int32},VM.Models.Post.EntityBase[],VM.Models.ContourMappingType,System.String,VM.Models.AnalysisResultType,VM.Models.FileFormatType)">
            <summary>
            Export contour results to a file.​
            </summary>
            <param name="resultpath">Specifies the file path to export.​</param>
            <param name="mode">Specifies how the operating system should open a file.​</param>
            <param name="stateids">Specifies the id list of the states to time.​</param>
            <param name="entities">Specifies The entity of the entities.​</param>
            <param name="mappingType">Specifies the type of the target for displaying contour.​</param>
            <param name="path">Specifies The path of result to save.​</param>
            <param name="analysisResultType">Specifies the type of analysis result type for displaying contour.​</param>
            <param name="formatType">Specifies a file format type.​</param>
        </member>
        <member name="M:VM.Post.API.OutputReader.OutputReader.GetFlexibleBodyReferenceFrame(System.String)">
            <summary>
            Get reference frame of FE body
            </summary>
            <param name="target">The flexible body name.</param>
            <returns>Postion and orientation array with the number of states</returns>
        </member>
        <member name="M:VM.Post.API.OutputReader.OutputReader.GetBodiesNodeCount(System.Collections.Generic.IList{System.String})">
            <summary>
            Get the count of nodes for bodies
            </summary>
            <param name="bodyNames">Specifies the name list of the entities.​</param>
            <returns>The report value is the count of nodes for bodies​</returns>
        </member>
        <member name="M:VM.Post.API.OutputReader.OutputReader.GetPreviousBodiesNodeCount(System.Collections.Generic.IList{System.String},System.String)">
            <summary>
            Get the count of nodes for bodies.​
            </summary>
            <param name="bodyNames">Specifies the name list of the body.​</param>
            <param name="target">Specifies the name of the entity.​</param>
            <returns>The report value is node count of the previous bodies.</returns>
        </member>
        <member name="M:VM.Post.API.OutputReader.OutputReader.GetGeometryInfo(System.String)">
            <summary>
            Get geometry information
            </summary>
            <param name="target">Specifies the name of entity.​</param>
            <returns>The report value is a geometry information.​</returns>
        </member>
        <member name="M:VM.Post.API.OutputReader.OutputReader.GetGeometryInfoArray">
            <summary>
            Get geometry information Array
            </summary>
            <returns>The report value is Enumerable.​</returns>
        </member>
        <member name="M:VM.Post.API.OutputReader.OutputReader.GetOuterface(System.String)">
            <summary>
            Get geometry connectivity of an outface
            </summary>
            <param name="target">Specifies the name of entity.​</param>
            <returns>In the array, the report value is a geometry connectivity of an outface​</returns>
        </member>
        <member name="M:VM.Post.API.OutputReader.OutputReader.GetGeometryNodes(System.String)">
            <summary>
            Get nodes of geometry
            </summary>
            <param name="path">Specifies the name of entity.​</param>
            <returns>In the array, the report value is nodes of geometry​.</returns>
        </member>
        <member name="M:VM.Post.API.OutputReader.OutputReader.GetMarkerInfo(System.String)">
            <summary>
            Get marker information
            (position, orientation, velocity, angular velocity, acceleration, angular acceleration).
            </summary>
            <param name="name">Specifies the name of the marker.​</param>
            <returns>In the list, the report marker values from the start state to the end state are stored sequentially.​</returns>
        </member>
        <member name="M:VM.Post.API.OutputReader.OutputReader.GetMarkerPosition(System.Collections.Generic.IList{System.String})">
            <summary>
            Get marker position.
            </summary>
            <param name="names">Specifies the list of the curve name to perform the operation.​</param>
            <returns>In the dictionary, the report marker positions value from the start state to the end state are stored sequentially.​</returns>
        </member>
        <member name="M:VM.Post.API.OutputReader.OutputReader.GetStateIDArray">
            <summary>
            Get id array of state
            </summary>
            <returns>In the list, the report id values of state from the start state to the end state are stored sequentially.​</returns>
        </member>
        <member name="M:VM.Post.API.OutputReader.OutputReader.GetReferenceTimeArray">
            <summary>
            Get report times of result.​
            </summary>
            <returns>In the list, the report time values from the start state to the end state are stored sequentially.​</returns>
        </member>
        <member name="M:VM.Post.API.OutputReader.OutputReader.GetBodies(VM.Models.Post.BodyType,System.Boolean)">
            <summary>
            Get the types and the names of the bodies. ​
            </summary>
            <param name="type">NODAL, EF_NODAL, EF_MODAL, MODAL, RIGID, GROUND​</param>
            <param name="includeDuymmy">include dummy​</param>
            <returns>In the list, the report value are types and names of the bodies.​</returns>
        </member>
        <member name="M:VM.Post.API.OutputReader.OutputReader.GetModalModeCount(System.String)">
            <summary>
            Get the count of modes for FE modal body
            </summary>
            <param name="target">Specifies the name of the entity.​</param>
            <returns>The report value is count of modes for FE modal body​</returns>
        </member>
        <member name="M:VM.Post.API.OutputReader.OutputReader.GetConnectors(System.String)">
            <summary>
            Get the information of the connectors such as joint, force and contact
            </summary>
            <param name="name">Specifies the name of the body.​</param>
            <returns>In the list, the report value are connector type and action type and names of the connectors such as joint, force and contact.​</returns>
        </member>
        <member name="M:VM.Post.API.OutputReader.OutputReader.GetPrimaryAnalysisResultType">
            <summary>
            Get the type of primary analysis.
            </summary>
            <returns>Type of analysis.​</returns>
        </member>
        <member name="M:VM.Post.API.OutputReader.OutputReader.GetCurves(VM.Models.OutputReader.PlotParameters)">
            <summary>
            Get plot data.
            </summary>
            <param name="parameters">For a description of parameter, see PlotParameters in the API Reference.</param>
            <returns>The name of plot, List of X and Y data point of plot</returns>
        </member>
        <member name="M:VM.Post.API.OutputReader.OutputReader.InterpolationAkimaSpline(System.Double[],System.Double[],System.Int32,System.Int32,System.Double,System.Double)">
            <summary>
            Get interpolate data series by using Akima spline method
            </summary>
            <param name="X">Specifies x array of plot data.​</param>
            <param name="Y">Specifies y array of plot data.​</param>
            <param name="NoOfPnt">Specifies the number of points.​</param>
            <param name="NoOfDesiredPnt">Specifies the number of point desired.​</param>
            <param name="StartPnt">Specifies the start point for using curve on plot data.​</param>
            <param name="EndPnt">Specifies the end point for using curve on plot data.​</param>
            <returns>array of X and Y data point of plot​</returns>
        </member>
        <member name="M:VM.Post.API.OutputReader.OutputReader.GetUnits">
            <summary>
            Get units
            </summary>
            <returns>In the Dictionary, the units of result include type, unit and factor.​</returns>
        </member>
        <member name="M:VM.Post.API.OutputReader.OutputReader.GetVector(System.String,System.String)">
            <summary>
            Get vector results
            </summary>
            <param name="target">Specifies the name of vector displayable entity</param>
            <param name="path">Specifies characteristc on vector display</param>
            <returns>Vector results</returns>
        </member>
        <member name="M:VM.Post.API.OutputReader.OutputReader.GetVector(System.String,System.String,VM.Models.AnalysisResultType)">
            <summary>
            Get vector results
            </summary>
            <param name="target">Specifies the name of vector displayable entity</param>
            <param name="path">Specifies characteristc on vector display</param>
            <param name="analysisResultType">Specifies analysis result type on vector display</param>
            <returns>Vector results</returns>
        </member>
    </members>
</doc>
