﻿<?xml version="1.0" encoding="utf-8"?>
<UnitInfo>
  <Type name="L">
    <Unit name="mm" factor="0.001" />
    <Unit name="m" factor="1.0" />
    <Unit name="cm" factor="0.01" />
    <Unit name="um" factor="0.000001" />
    <Unit name="in" factor="0.0254" />
    <Unit name="ft" factor="0.3048" />
    <Unit name="mi" factor="1609.3" />
    <Unit name="km" factor="1000.0" />
  </Type>
  <Type name="M">
    <Unit name="kg" factor="1.0" />
    <Unit name="g" factor="0.001" />
    <Unit name="mg" factor="0.000001" />
    <Unit name="t" factor="1000.0" />
    <Unit name="sg" factor="14.594" />
    <Unit name="blob" factor="175.126 " />
    <Unit name="ozm" factor="0.02835" />
    <Unit name="lb" factor="0.45359" />
    <Unit name="klb" factor="453.59" />
  </Type>
  <Type name="T">
    <Unit name="sec" factor="1.0" />
    <Unit name="min" factor="60.0" />
    <Unit name="hr" factor="3600.0" />
    <Unit name="ms" factor="0.001" />
  </Type>
  <Type name="F">
    <Unit name="N" factor="1.0" />
    <Unit name="mN" factor="0.001" />
    <Unit name="dyne" factor="0.00001" />
    <Unit name="kN" factor="1000.0" />
    <Unit name="kgf" factor="9.80665" />
    <Unit name="ozmf" factor="0.2780139" />
    <Unit name="lbf" factor="4.4482" />
    <Unit name="klbf" factor="4482.2" />
  </Type>
  <Type name="A">
    <Unit name="rad" factor="1.0" />
    <Unit name="deg" factor="0.017453292519943295769236907684886" />
  </Type>
  <Type name="K" shifting="true">
    <Unit name="C" factor="1.0" shift="273.15" />
    <Unit name="F" factor="0.55555556" shift="255.37222222" />
    <Unit name="K" factor="1.0" shift="0.0" />
  </Type>
  <Type name="P">
    <Unit name="W" factor="1.0" />
    <Unit name="kW" factor="1000.0" />
    <Unit name="MW" factor="1000000.0" />
    <Unit name="Btu/s" factor="1054.35" />
    <Unit name="Btu/min" factor="17.5725" />
    <Unit name="Btu/hr" factor="0.2928751" />
  </Type>
  <Type name="W">
    <Unit name="J" factor="1.0" />
    <Unit name="kJ" factor="1000.0" />
    <Unit name="MJ" factor="1000000.0" />
    <Unit name="Btu" factor="1055.056" />
  </Type>
</UnitInfo>