<?xml version="1.0"?>
<doc>
    <assembly>
        <name>VMMaterialLibrary</name>
    </assembly>
    <members>
        <member name="T:VM.Managed.DAFUL.MainForm">
            <summary>
            MainForm class
            </summary>
        </member>
        <member name="M:VM.Managed.DAFUL.MainForm.#ctor">
            <summary>
            MainForm constructor
            </summary>
        </member>
        <member name="M:VM.Managed.DAFUL.MainForm.Initialize">
            <summary>
            A method to initialize this class.
            </summary>
            <returns>Whether it is success to initialize.</returns>
        </member>
        <member name="M:VM.Managed.DAFUL.MainForm.Filter(System.String)">
            <summary>
            Filter for category.
            </summary>
            <param name="strCategory">The name of category</param>
            <returns>Whether it is success to filter.</returns>
        </member>
        <member name="M:VM.Managed.DAFUL.MainForm.GetSelected(System.String)">
            <summary>
            Gets the selected material data
            </summary>
            <param name="strUnitInfo">Information string of unit.</param>
            <returns>The selected material data</returns>
        </member>
        <member name="F:VM.Managed.DAFUL.MainForm.components">
            <summary>
            Required designer variable.
            </summary>
        </member>
        <member name="M:VM.Managed.DAFUL.MainForm.Dispose(System.Boolean)">
            <summary>
            Clean up any resources being used.
            </summary>
            <param name="disposing">true if managed resources should be disposed; otherwise, false.</param>
        </member>
        <member name="M:VM.Managed.DAFUL.MainForm.InitializeComponent">
            <summary>
            Required method for Designer support - do not modify
            the contents of this method with the code editor.
            </summary>
        </member>
        <member name="T:VM.Managed.DAFUL.MaterialLibraryExecute">
            <summary>
            This class is for remoting.
            </summary>
        </member>
        <member name="M:VM.Managed.DAFUL.MaterialLibraryExecute.#cctor">
            <summary>
            Static constructor
            </summary>
        </member>
        <member name="M:VM.Managed.DAFUL.MaterialLibraryExecute.#ctor">
            <summary>
            Constructor
            </summary>
        </member>
        <member name="M:VM.Managed.DAFUL.MaterialLibraryExecute.Initialize(System.Windows.Forms.IWin32Window)">
            <summary>
            Initialize.
            </summary>
            <param name="parent">The parent window.</param>
            <returns>The result of Initialize.</returns>
        </member>
        <member name="M:VM.Managed.DAFUL.MaterialLibraryExecute.Select(System.String,System.String,System.String@)">
            <summary>
            Select material.
            </summary>
            <param name="strCategory">The target material category.</param>
            <param name="strUnitInfo">The unit information.</param>
            <param name="strSelectedInfo">The result of selected material.</param>
            <returns>The result of select operation.</returns>
        </member>
        <member name="P:VM.Managed.DAFUL.MaterialLibraryExecute.Wait">
            <summary>
            Wait handle
            </summary>
        </member>
        <member name="M:VM.Managed.DAFUL.Program.Main">
            <summary>
            The main entry point for the application.
            </summary>
        </member>
        <member name="T:VM.Managed.DAFUL.Properties.Resources">
            <summary>
              지역화된 문자열 등을 찾기 위한 강력한 형식의 리소스 클래스입니다.
            </summary>
        </member>
        <member name="P:VM.Managed.DAFUL.Properties.Resources.ResourceManager">
            <summary>
              이 클래스에서 사용하는 캐시된 ResourceManager 인스턴스를 반환합니다.
            </summary>
        </member>
        <member name="P:VM.Managed.DAFUL.Properties.Resources.Culture">
            <summary>
              이 강력한 형식의 리소스 클래스를 사용하여 모든 리소스 조회에 대해 현재 스레드의 CurrentUICulture 속성을
              재정의합니다.
            </summary>
        </member>
    </members>
</doc>
